-- User table
INSERT INTO USER ( USERNAME,PASSWORD_HASH) VALUES
('ayesha_siddiqua','$2b$10$zUXhelrFIKY2lMpea72ZhOv3VRqgw57HnsUVTxgp1HBGELNa6ZTam'),
('habibur_rahman','$2b$10$4HXTKEbj8r9TZmnBcckzee8tPAjbAAIxmW0xkMJAR7YaVlXVBoP8u'),
('nusrat_jahan','$2b$10$qTYaRpKtrZxqb3DePncgnexNyQIBBcOCAB3yEQj8Ll/cjrVO27DIC'),
('saiful_islam','$2b$10$I7Pe35jxuXmpF/lPQfXzHu/PuZo5t6AYv4G1X/wCSvnJrti6UMkW.'),
('tamanna_akter','$2b$10$FK1GjPBi/pPN32xu9HS/A.mJ9MCBR18tgXTitiOoC716Cz9SV.txe'),
('moniruzzaman','$2b$10$tTFH/XyGLdx0lo9JdTCcYuQ5rMWPM8VLRGq0p0bYged/AeC8ZQODy'),
('rifat_ara','$2b$10$J0Wn1Hvg77CEmSxtV1ekTOIO2y8Djf9bhW/KsU.qqmxwWTSi986UK'),
('kamrul_hasan','$2b$10$COIKt3W4RrBCcKBgkue.U.TuJO39Fo4zyPmiqlfo0uLoPlHhNRFjG'),
('asharmin_sultana','$2b$10$XOlOXd5i.1857oug7bY5Pu6DPKrz60Jn4jfCATNx9uwOfIEhek5SK'),
('mahmudul_hasan','$2b$10$yrnLp3r.y4cE/EIua2dlnOfl0r/ZXrTH5QnsfgoF4iH1aCZpad1sS'),
('farzana_haque','$2b$10$/yclye5fbNDmIc/icxlY4OS8Kmh7gaAAuZ7rHLg7ohMoSL6J9Kady'),
('nazmul_huda','$2b$10$nkoahk8ZsUEQ8s680JjLFek6.sKkO6jd9OW1csoVgYImm6u127QVy'),
('laila_tabassum','$2b$10$FOS60f6fpqraomOkqFv/3.5KIft7EvnnV9lG4XDB4CCylFwN4SkUm'),
('rakibul_islam','$2b$10$lqsYrRhCwbRzmeUWg/r6HeIAJYHigk1X6xUmmfIwYIv/yV70qg/72'),
('salma_khatun','$2b$10$.WU9B0lU0jm1w6UmFR8rru8lbTXkBYsbau05KuTLdPqo/Le168uiK'),
('imran_hossain','$2b$10$r0LjPjVuqfoyxMy1rxwxj.HLtDBmCjTEoYunwAtMV6yTyM34875Qu'),
('meherun_nesa','$2b$10$utNs.nBFh/o.Yzsqu2HSoeay.axD7iqUhtQtbmojPKDO46.5zjrwi'),
('jubayer_ahmed','$2b$10$aNZkHvjRQwXW4ZhyGElB5unRx/drZRtlLASg3ZvwLvCzCP.oroiX2'),
('arifa_sultana','$2b$10$x3sQUhuCvkR/udrm/vc3Bu2IHx2uwV66an6vTLZQDDLECf4wSAZ2S'),
('ashraful_alam','$2b$10$j2ewZ5LdP7VeXL3n5yXJ3efTYIXupkKGBIqGMw1gr2gWjkUJ0PvR.'),
('runa_laila','$2b$10$SD797UWdCmLY8/i0sVIRgeAfU8eRovVjTd4GiqJN6ZutRbKvjMEoG'),
('khalid_mahmud','$2b$10$SqmEBFWUY2DbKAs..FYch.d8LySaftrzwvDydOEUk4pssPDW4E2Ha'),
('shanjida_haque','$2b$10$asiqK/4WPAkIbtxViYZrFOTejiaoLu.aUEBYnoQKRjpG17m0qYHea'),
('anisur_rahman','$2b$10$0AgrjrEUEjhKd2d6YtJ5O.t1AKCWaYyuCrFI1D9I.Jj4X5OOA/vPy'),
('mahmuda_akter','$2b$10$XJ8Y2Y.ZA4iOZ.f0SdfjCOO78SxG5eDViB2i464XJEF71OocItzeG'),
('tariqul_islam','$2b$10$VnAk4a0XY.aj9XQBQcCAoOL2fWSJc3FX7Jf28pg66tLBjbvwCBERK'),
('nigar_sultana','$2b$10$jjEapWwmE/IuCm0vNmPycOOLPOEUJcD/MHbFON3sSpxmQYN3Fl63e'),
('zahid_hossain','$2b$10$Z8JwycNtMIq042LdzmHl7.SfnSGqkWVcVmgynp2XGs0W7tW7SlkR6'),
('rehana_parvin','$2b$10$LI/9ngxUkbAoMRw1MZmOPucloyWL118XYUPVco3J4xW9kfGXn2wVW'),
('ymamun_chowdhury','$2b$10$cuPM.PQ4EFHPhCW8uCwTm.EBmO1u4V8xhZXt8WdZQmwj6V5QV8bMy'),
('sumaiya_afrin','$2b$10$iVFKk2k.eDdnNKoC5dxvmerKwwF0w/jDBg0U0.s5TJktlm.uCjhHm'),
('nazrul_islam','$2b$10$pJKleyKJNJdquNxrzkOqEOCHZNObUu478DF1bb5EDz.Sm2Fv/dkz2'),
('tanima_rahman','$2b$10$wfvZkBUAbUltZC2SoRh5kOmaQgGnHF9UyP5pf3ZrDdQxVRlwf433e'),
('belal_hossain','$2b$10$H4wM16Y4qbmdUFJCnNUZCusZxSAymlnI8/YjC4I7KcgIbiZ5MLhdW'),
('afia_sultana','$2b$10$OFrdV0bBjCiwKjktV8eP6.LQHZjzDKmEm7kcJI2rdgjjdGNpVrw/2'),
('rashedul_karim','$2b$10$Qm9AqX/tnAFWWJWB3cWnSOZeq6ZAJHsYX35qFxyyj3oh6w3pSrpQG'),
('mahia_hasan','$2b$10$gQ/WnFS58oSx3t9WlZYRlOCZ8O8ZGGutrO6ZgpDILsO9uuvSC.7Ge'),
('khairul_bashar','$2b$10$w5DPc5B50uOs15.Yc9ZL0OAe8ba3m.zM5JIuQibUJguT2vy1Emtli'),
('lima_khatun','$2b$10$LQnK95pP/dAh3Z47hR8nXerxarVahrLImpRnev3QjCMfCFVDzlGm2'),
('rezaul_karim','$2b$10$qK0bDqf0DzNjAHCG5goWGuCszpGccYe.pm5hgIAVhkLxswByopRLq'),
('sabrina_haque','$2b$10$i4Extao2ZKXRvsMaM6DhMeQdWuh1iO4S2MH2uyUOIG1tW/hUJkEtS'),
('nasir_uddin','$2b$10$J04HNKil5ptaGbj8GKEVzuTarIjCDtajLC15hg7lau3OfqAMwj7pG'),
('shilpi_akter','$2b$10$zOP4qx330tJ.yjIuD8d0pOWDLGoxrWPLcsyyTPm/3kVJ8Txr5.U9u'),
('faysal_ahmed','$2b$10$OVyxy.f6wzfN5E1tOE1NQOce.s0CHEMk8FtnknfRu2kwkiFXKqMly'),
('nargis_sultana','$2b$10$0s9gsMquWXeyFOXtZcjrvu9AUbSOyj1ejNKC/VHU3GoS.lZwKsRyG'),
('aminul_islam','$2b$10$bg5Q39cEi98gZJXB0PGfI.lA8n6NTU1JAOSsw/HWoCP6KHa54vaBS'),
('roksana_begum','$2b$10$DKOE089wuklxFTqbgCZfcO/vhTSqegIQuTUphKmgPw0hxsdUoRK26'),
('tareq_mahmud','$2b$10$aCE7ApCOjDeMkT9Wi.wLcO/V2Xp5ZSK8JqDMCBFe4fZOe7p38f7oq'),
('hasina_akter','$2b$10$wmDdk.dgFxuIOAEM0m87gu/V/IM300TTrvrp60M5Gz6rgaOGOpA/y'),
('zahirul_islam','$2b$10$Mxzs8CYx7/s95RY/zAfOG.LetGD.vgDADu5gLgY1YQvRhROAH5LAi');

-- GENDER TABLE
INSERT INTO GENDER (ID,GENDER_NAME) VALUES
(1,'Male'),
(2,'Female'),
(3,'Others');


INSERT INTO DOCTOR (USER_ID, DOCTOR_NAME, GENDER, PHONE, EMAIL, IMAGE_LINK) VALUES
(1, 'Dr. Ayesha Siddiqua', 2, '01710000001', 'ayesha.siddiqua@example.com', 'https://i.postimg.cc/gJBfppXn/female-doctor1.jpg'),
(2, 'Dr. Habibur Rahman', 1, '01710000002', 'habibur.rahman@example.com', 'https://i.postimg.cc/50hWv1xD/male-doctor1.jpg'),
(3, 'Dr. Nusrat Jahan', 2, '01710000003', 'nusrat.jahan@example.com', 'https://i.postimg.cc/9XDf7FBg/female-doctor2.jpg'),
(4, 'Dr. Saiful Islam', 1, '01710000004', 'saiful.islam@example.com', 'https://i.postimg.cc/4xWCPpf6/male-doctor2-S.jpg'),
(5, 'Dr. Tamanna Akter', 2, '01710000005', 'tamanna.akter@example.com', 'https://i.postimg.cc/vH9H0qkW/female-doctor3.jpg'),
(6, 'Dr. Moniruzzaman', 1, '01710000006', 'moniruzzaman@example.com', NULL),
(7, 'Dr. Rifat Ara', 2, '01710000007', 'rifat.ara@example.com', 'https://i.postimg.cc/7LPHYx6V/female-doctor4.jpg'),
(8, 'Dr. Kamrul Hasan', 1, '01710000008', 'kamrul.hasan@example.com', NULL),
(9, 'Dr. Sharmin Sultana', 2, '01710000009', 'sharmin.sultana@example.com', 'https://i.postimg.cc/yYq73hxW/female-doctor5.jpg'),
(10, 'Dr. Mahmudul Hasan', 1, '01710000010', 'mahmudul.hasan@example.com', 'https://i.postimg.cc/7h3d22tT/male-doctor3.jpg'),
(11, 'Dr. Farzana Haque', 2, '01710000011', 'farzana.haque@example.com', NULL),
(12, 'Dr. Nazmul Huda', 1, '01710000012', 'nazmul.huda@example.com', 'https://i.postimg.cc/rsVCfRF4/male-doctor9.jpg'),
(13, 'Dr. Laila Tabassum', 2, '01710000013', 'laila.tabassum@example.com', NULL),
(14, 'Dr. Rakibul Islam', 1, '01710000014', 'rakibul.islam@example.com', 'https://i.postimg.cc/vm4KvjSy/male-doctor4.jpg'),
(15, 'Dr. Salma Khatun', 2, '01710000015', 'salma.khatun@example.com', NULL),
(16, 'Dr. Imran Hossain', 1, '01710000016', 'imran.hossain@example.com', 'https://i.postimg.cc/wMpbgBxx/male-doctor5.jpg'),
(17, 'Dr. Meherun Nesa', 2, '01710000017', 'meherun.nesa@example.com', NULL),
(18, 'Dr. Jubayer Ahmed', 1, '01710000018', 'jubayer.ahmed@example.com', 'https://i.postimg.cc/6p3b9gKZ/male-doctor6.jpg'),
(19, 'Dr. Arifa Sultana', 2, '01710000019', 'arifa.sultana@example.com', NULL),
(20, 'Dr. Ashraful Alam', 1, '01710000020', 'ashraful.alam@example.com', 'https://i.postimg.cc/Xv58q0zr/male-doctor8.jpg'),
(21, 'Dr. Runa Laila', 2, '01710000021', 'runa.laila@example.com', NULL),
(22, 'Dr. Khalid Mahmud', 1, '01710000022', 'khalid.mahmud@example.com', NULL),
(23, 'Dr. Shanjida Haque', 2, '01710000023', 'shanjida.haque@example.com', NULL),
(24, 'Dr. Anisur Rahman', 1, '01710000024', 'anisur.rahman@example.com', NULL),
(25, 'Dr. Mahmuda Akter', 2, '01710000025', 'mahmuda.akter@example.com', NULL),
(26, 'Dr. Tariqul Islam', 1, '01710000026', 'tariqul.islam@example.com', NULL),
(27, 'Dr. Nigar Sultana', 2, '01710000027', 'nigar.sultana@example.com', NULL),
(28, 'Dr. Zahid Hossain', 1, '01710000028', 'zahid.hossain@example.com', NULL),
(29, 'Dr. Rehana Parvin', 2, '01710000029', 'rehana.parvin@example.com', NULL),
(30, 'Dr. Mamun Chowdhury', 1, '01710000030', 'mamun.chowdhury@example.com', NULL),
(31, 'Dr. Sumaiya Afrin', 2, '01710000031', 'sumaiya.afrin@example.com', NULL),
(32, 'Dr. Nazrul Islam', 1, '01710000032', 'nazrul.islam@example.com', NULL),
(33, 'Dr. Tanima Rahman', 2, '01710000033', 'tanima.rahman@example.com', NULL),
(34, 'Dr. Belal Hossain', 1, '01710000034', 'belal.hossain@example.com', NULL),
(35, 'Dr. Afia Sultana', 2, 'afia.sultana@example.com', NULL),
(36, 'Dr. Rashedul Karim', 1, 'rashedul.karim@example.com', 'https://i.postimg.cc/GtKzRJSz/male-doctor7.jpg'),
(37, 'Dr. Mahia Hasan', 2, 'mahia.hasan@example.com', NULL),
(38, 'Dr. Khairul Bashar', 1, 'khairul.bashar@example.com', NULL),
(39, 'Dr. Lima Khatun', 2, 'lima.khatun@example.com', NULL),
(40, 'Dr. Rezaul Karim', 1, 'rezaul.karim@example.com', NULL),
(41, 'Dr. Sabrina Haque', 2, 'sabrina.haque@example.com', NULL),
(42, 'Dr. Nasir Uddin', 1, 'nasir.uddin@example.com', NULL),
(43, 'Dr. Shilpi Akter', 2, 'shilpi.akter@example.com', NULL),
(44, 'Dr. Faysal Ahmed', 1, 'faysal.ahmed@example.com', NULL),
(45, 'Dr. Nargis Sultana', 2, 'nargis.sultana@example.com', NULL),
(46, 'Dr. Aminul Islam', 1, 'aminul.islam@example.com', NULL),
(47, 'Dr. Roksana Begum', 2, 'roksana.begum@example.com', NULL),
(48, 'Dr. Tareq Mahmud', 1, 'tareq.mahmud@example.com', NULL),
(49, 'Dr. Hasina Akter', 2, 'hasina.akter@example.com', NULL),
(50, 'Dr. Zahirul Islam', 1, 'zahirul.islam@example.com', NULL);


-- Medicine Table
INSERT INTO MEDICINE (MEDICINE_NAME, `GROUP`) VALUES
('Seclo', 'Proton Pump Inhibitor'),
('Napa', 'Paracetamol'),
('Monas', 'Antihistamine'),
('Losectil', 'Proton Pump Inhibitor'),
('Maxpro', 'Proton Pump Inhibitor'),
('Renorma', 'Antacid'),
('Filmet', 'Anthelmintic'),
('Aristovit-M', 'Multivitamin'),
('Ace', 'Paracetamol'),
('Azithrocin', 'Antibiotic'),
('Moxacil', 'Antibiotic'),
('Fexo', 'Antihistamine'),
('Omeprazol', 'Proton Pump Inhibitor'),
('Ciprocin', 'Antibiotic'),
('Histacin', 'Antihistamine'),
('Alatrol', 'Antihistamine'),
('Flagyl', 'Antiprotozoal'),
('Seroxat', 'Antidepressant'),
('Antoxid', 'Antacid'),
('Pantra', 'Proton Pump Inhibitor');


-- Week_days
INSERT INTO WEEK_DAYS (DAY_ID, WEEK_DAY) VALUES
(1, 'Saturday'),
(2, 'Sunday'),
(3, 'Monday'),
(4, 'Tuesday'),
(5, 'Wednesday'),
(6, 'Thursday'),
(7, 'Friday');


-- Practice days
INSERT INTO PRACTICE_DAYS (DOCTOR_ID, DAY, `FROM`, `TO`) VALUES
(1, 2, '09:00:00', '13:00:00'),
(1, 3, '09:00:00', '13:00:00'),
(1, 5, '09:00:00', '13:00:00'),
(1, 2, '15:00:00', '18:00:00'),
(1, 4, '15:00:00', '18:00:00'),
(1, 6, '15:00:00', '18:00:00'),

(2, 1, '09:00:00', '13:00:00'),
(2, 4, '09:00:00', '13:00:00'),
(2, 6, '09:00:00', '13:00:00'),
(2, 2, '15:00:00', '18:00:00'),
(2, 5, '15:00:00', '18:00:00'),
(2, 7, '15:00:00', '18:00:00'),

(3, 2, '09:00:00', '13:00:00'),
(3, 3, '09:00:00', '13:00:00'),
(3, 5, '09:00:00', '13:00:00'),
(3, 1, '15:00:00', '18:00:00'),
(3, 4, '15:00:00', '18:00:00'),
(3, 6, '15:00:00', '18:00:00'),

-- Doctors 4-6 (following pattern of doctor 1)
(4, 2, '09:00:00', '13:00:00'),
(4, 3, '09:00:00', '13:00:00'),
(4, 5, '09:00:00', '13:00:00'),
(4, 2, '15:00:00', '18:00:00'),
(4, 4, '15:00:00', '18:00:00'),
(4, 6, '15:00:00', '18:00:00'),

(5, 2, '09:00:00', '13:00:00'),
(5, 3, '09:00:00', '13:00:00'),
(5, 5, '09:00:00', '13:00:00'),
(5, 2, '15:00:00', '18:00:00'),
(5, 4, '15:00:00', '18:00:00'),
(5, 6, '15:00:00', '18:00:00'),

(6, 2, '09:00:00', '13:00:00'),
(6, 3, '09:00:00', '13:00:00'),
(6, 5, '09:00:00', '13:00:00'),
(6, 2, '15:00:00', '18:00:00'),
(6, 4, '15:00:00', '18:00:00'),
(6, 6, '15:00:00', '18:00:00'),

-- Doctors 7-9 (following pattern of doctor 2)
(7, 1, '09:00:00', '13:00:00'),
(7, 4, '09:00:00', '13:00:00'),
(7, 6, '09:00:00', '13:00:00'),
(7, 2, '15:00:00', '18:00:00'),
(7, 5, '15:00:00', '18:00:00'),
(7, 7, '15:00:00', '18:00:00'),

(8, 1, '09:00:00', '13:00:00'),
(8, 4, '09:00:00', '13:00:00'),
(8, 6, '09:00:00', '13:00:00'),
(8, 2, '15:00:00', '18:00:00'),
(8, 5, '15:00:00', '18:00:00'),
(8, 7, '15:00:00', '18:00:00'),

(9, 1, '09:00:00', '13:00:00'),
(9, 4, '09:00:00', '13:00:00'),
(9, 6, '09:00:00', '13:00:00'),
(9, 2, '15:00:00', '18:00:00'),
(9, 5, '15:00:00', '18:00:00'),
(9, 7, '15:00:00', '18:00:00'),

-- Doctors 10-12 (following pattern of doctor 3)
(10, 2, '09:00:00', '13:00:00'),
(10, 3, '09:00:00', '13:00:00'),
(10, 5, '09:00:00', '13:00:00'),
(10, 1, '15:00:00', '18:00:00'),
(10, 4, '15:00:00', '18:00:00'),
(10, 6, '15:00:00', '18:00:00'),

(11, 2, '09:00:00', '13:00:00'),
(11, 3, '09:00:00', '13:00:00'),
(11, 5, '09:00:00', '13:00:00'),
(11, 1, '15:00:00', '18:00:00'),
(11, 4, '15:00:00', '18:00:00'),
(11, 6, '15:00:00', '18:00:00'),

(12, 2, '09:00:00', '13:00:00'),
(12, 3, '09:00:00', '13:00:00'),
(12, 5, '09:00:00', '13:00:00'),
(12, 1, '15:00:00', '18:00:00'),
(12, 4, '15:00:00', '18:00:00'),
(12, 6, '15:00:00', '18:00:00'),

-- Continuing the pattern in groups of 3 doctors up to ID 50
-- Doctors 13-15 (pattern of doctor 1)
(13, 2, '09:00:00', '13:00:00'),
(13, 3, '09:00:00', '13:00:00'),
(13, 5, '09:00:00', '13:00:00'),
(13, 2, '15:00:00', '18:00:00'),
(13, 4, '15:00:00', '18:00:00'),
(13, 6, '15:00:00', '18:00:00'),

(14, 2, '09:00:00', '13:00:00'),
(14, 3, '09:00:00', '13:00:00'),
(14, 5, '09:00:00', '13:00:00'),
(14, 2, '15:00:00', '18:00:00'),
(14, 4, '15:00:00', '18:00:00'),
(14, 6, '15:00:00', '18:00:00'),

(15, 2, '09:00:00', '13:00:00'),
(15, 3, '09:00:00', '13:00:00'),
(15, 5, '09:00:00', '13:00:00'),
(15, 2, '15:00:00', '18:00:00'),
(15, 4, '15:00:00', '18:00:00'),
(15, 6, '15:00:00', '18:00:00'),

-- Doctors 16-18 (pattern of doctor 2)
(16, 1, '09:00:00', '13:00:00'),
(16, 4, '09:00:00', '13:00:00'),
(16, 6, '09:00:00', '13:00:00'),
(16, 2, '15:00:00', '18:00:00'),
(16, 5, '15:00:00', '18:00:00'),
(16, 7, '15:00:00', '18:00:00'),

(17, 1, '09:00:00', '13:00:00'),
(17, 4, '09:00:00', '13:00:00'),
(17, 6, '09:00:00', '13:00:00'),
(17, 2, '15:00:00', '18:00:00'),
(17, 5, '15:00:00', '18:00:00'),
(17, 7, '15:00:00', '18:00:00'),

(18, 1, '09:00:00', '13:00:00'),
(18, 4, '09:00:00', '13:00:00'),
(18, 6, '09:00:00', '13:00:00'),
(18, 2, '15:00:00', '18:00:00'),
(18, 5, '15:00:00', '18:00:00'),
(18, 7, '15:00:00', '18:00:00'),

-- Doctors 19-21 (pattern of doctor 3)
(19, 2, '09:00:00', '13:00:00'),
(19, 3, '09:00:00', '13:00:00'),
(19, 5, '09:00:00', '13:00:00'),
(19, 1, '15:00:00', '18:00:00'),
(19, 4, '15:00:00', '18:00:00'),
(19, 6, '15:00:00', '18:00:00'),

(20, 2, '09:00:00', '13:00:00'),
(20, 3, '09:00:00', '13:00:00'),
(20, 5, '09:00:00', '13:00:00'),
(20, 1, '15:00:00', '18:00:00'),
(20, 4, '15:00:00', '18:00:00'),
(20, 6, '15:00:00', '18:00:00'),

(21, 2, '09:00:00', '13:00:00'),
(21, 3, '09:00:00', '13:00:00'),
(21, 5, '09:00:00', '13:00:00'),
(21, 1, '15:00:00', '18:00:00'),
(21, 4, '15:00:00', '18:00:00'),
(21, 6, '15:00:00', '18:00:00'),

-- Continuing this pattern up to ID 50
-- Doctors 22-24 (pattern of doctor 1)
(22, 2, '09:00:00', '13:00:00'),
(22, 3, '09:00:00', '13:00:00'),
(22, 5, '09:00:00', '13:00:00'),
(22, 2, '15:00:00', '18:00:00'),
(22, 4, '15:00:00', '18:00:00'),
(22, 6, '15:00:00', '18:00:00'),

(23, 2, '09:00:00', '13:00:00'),
(23, 3, '09:00:00', '13:00:00'),
(23, 5, '09:00:00', '13:00:00'),
(23, 2, '15:00:00', '18:00:00'),
(23, 4, '15:00:00', '18:00:00'),
(23, 6, '15:00:00', '18:00:00'),

(24, 2, '09:00:00', '13:00:00'),
(24, 3, '09:00:00', '13:00:00'),
(24, 5, '09:00:00', '13:00:00'),
(24, 2, '15:00:00', '18:00:00'),
(24, 4, '15:00:00', '18:00:00'),
(24, 6, '15:00:00', '18:00:00'),

-- Doctors 25-27 (pattern of doctor 2)
(25, 1, '09:00:00', '13:00:00'),
(25, 4, '09:00:00', '13:00:00'),
(25, 6, '09:00:00', '13:00:00'),
(25, 2, '15:00:00', '18:00:00'),
(25, 5, '15:00:00', '18:00:00'),
(25, 7, '15:00:00', '18:00:00'),

(26, 1, '09:00:00', '13:00:00'),
(26, 4, '09:00:00', '13:00:00'),
(26, 6, '09:00:00', '13:00:00'),
(26, 2, '15:00:00', '18:00:00'),
(26, 5, '15:00:00', '18:00:00'),
(26, 7, '15:00:00', '18:00:00'),

(27, 1, '09:00:00', '13:00:00'),
(27, 4, '09:00:00', '13:00:00'),
(27, 6, '09:00:00', '13:00:00'),
(27, 2, '15:00:00', '18:00:00'),
(27, 5, '15:00:00', '18:00:00'),
(27, 7, '15:00:00', '18:00:00'),

-- Doctors 28-30 (pattern of doctor 3)
(28, 2, '09:00:00', '13:00:00'),
(28, 3, '09:00:00', '13:00:00'),
(28, 5, '09:00:00', '13:00:00'),
(28, 1, '15:00:00', '18:00:00'),
(28, 4, '15:00:00', '18:00:00'),
(28, 6, '15:00:00', '18:00:00'),

(29, 2, '09:00:00', '13:00:00'),
(29, 3, '09:00:00', '13:00:00'),
(29, 5, '09:00:00', '13:00:00'),
(29, 1, '15:00:00', '18:00:00'),
(29, 4, '15:00:00', '18:00:00'),
(29, 6, '15:00:00', '18:00:00'),

(30, 2, '09:00:00', '13:00:00'),
(30, 3, '09:00:00', '13:00:00'),
(30, 5, '09:00:00', '13:00:00'),
(30, 1, '15:00:00', '18:00:00'),
(30, 4, '15:00:00', '18:00:00'),
(30, 6, '15:00:00', '18:00:00'),

-- Doctors 31-33 (pattern of doctor 1)
(31, 2, '09:00:00', '13:00:00'),
(31, 3, '09:00:00', '13:00:00'),
(31, 5, '09:00:00', '13:00:00'),
(31, 2, '15:00:00', '18:00:00'),
(31, 4, '15:00:00', '18:00:00'),
(31, 6, '15:00:00', '18:00:00'),

(32, 2, '09:00:00', '13:00:00'),
(32, 3, '09:00:00', '13:00:00'),
(32, 5, '09:00:00', '13:00:00'),
(32, 2, '15:00:00', '18:00:00'),
(32, 4, '15:00:00', '18:00:00'),
(32, 6, '15:00:00', '18:00:00'),

(33, 2, '09:00:00', '13:00:00'),
(33, 3, '09:00:00', '13:00:00'),
(33, 5, '09:00:00', '13:00:00'),
(33, 2, '15:00:00', '18:00:00'),
(33, 4, '15:00:00', '18:00:00'),
(33, 6, '15:00:00', '18:00:00'),

-- Doctors 34-36 (pattern of doctor 2)
(34, 1, '09:00:00', '13:00:00'),
(34, 4, '09:00:00', '13:00:00'),
(34, 6, '09:00:00', '13:00:00'),
(34, 2, '15:00:00', '18:00:00'),
(34, 5, '15:00:00', '18:00:00'),
(34, 7, '15:00:00', '18:00:00'),

(35, 1, '09:00:00', '13:00:00'),
(35, 4, '09:00:00', '13:00:00'),
(35, 6, '09:00:00', '13:00:00'),
(35, 2, '15:00:00', '18:00:00'),
(35, 5, '15:00:00', '18:00:00'),
(35, 7, '15:00:00', '18:00:00'),

(36, 1, '09:00:00', '13:00:00'),
(36, 4, '09:00:00', '13:00:00'),
(36, 6, '09:00:00', '13:00:00'),
(36, 2, '15:00:00', '18:00:00'),
(36, 5, '15:00:00', '18:00:00'),
(36, 7, '15:00:00', '18:00:00'),

-- Doctors 37-39 (pattern of doctor 3)
(37, 2, '09:00:00', '13:00:00'),
(37, 3, '09:00:00', '13:00:00'),
(37, 5, '09:00:00', '13:00:00'),
(37, 1, '15:00:00', '18:00:00'),
(37, 4, '15:00:00', '18:00:00'),
(37, 6, '15:00:00', '18:00:00'),

(38, 2, '09:00:00', '13:00:00'),
(38, 3, '09:00:00', '13:00:00'),
(38, 5, '09:00:00', '13:00:00'),
(38, 1, '15:00:00', '18:00:00'),
(38, 4, '15:00:00', '18:00:00'),
(38, 6, '15:00:00', '18:00:00'),

(39, 2, '09:00:00', '13:00:00'),
(39, 3, '09:00:00', '13:00:00'),
(39, 5, '09:00:00', '13:00:00'),
(39, 1, '15:00:00', '18:00:00'),
(39, 4, '15:00:00', '18:00:00'),
(39, 6, '15:00:00', '18:00:00'),

-- Doctors 40-42 (pattern of doctor 1)
(40, 2, '09:00:00', '13:00:00'),
(40, 3, '09:00:00', '13:00:00'),
(40, 5, '09:00:00', '13:00:00'),
(40, 2, '15:00:00', '18:00:00'),
(40, 4, '15:00:00', '18:00:00'),
(40, 6, '15:00:00', '18:00:00'),

(41, 2, '09:00:00', '13:00:00'),
(41, 3, '09:00:00', '13:00:00'),
(41, 5, '09:00:00', '13:00:00'),
(41, 2, '15:00:00', '18:00:00'),
(41, 4, '15:00:00', '18:00:00'),
(41, 6, '15:00:00', '18:00:00'),

(42, 2, '09:00:00', '13:00:00'),
(42, 3, '09:00:00', '13:00:00'),
(42, 5, '09:00:00', '13:00:00'),
(42, 2, '15:00:00', '18:00:00'),
(42, 4, '15:00:00', '18:00:00'),
(42, 6, '15:00:00', '18:00:00'),

-- Doctors 43-45 (pattern of doctor 2)
(43, 1, '09:00:00', '13:00:00'),
(43, 4, '09:00:00', '13:00:00'),
(43, 6, '09:00:00', '13:00:00'),
(43, 2, '15:00:00', '18:00:00'),
(43, 5, '15:00:00', '18:00:00'),
(43, 7, '15:00:00', '18:00:00'),

(44, 1, '09:00:00', '13:00:00'),
(44, 4, '09:00:00', '13:00:00'),
(44, 6, '09:00:00', '13:00:00'),
(44, 2, '15:00:00', '18:00:00'),
(44, 5, '15:00:00', '18:00:00'),
(44, 7, '15:00:00', '18:00:00'),

(45, 1, '09:00:00', '13:00:00'),
(45, 4, '09:00:00', '13:00:00'),
(45, 6, '09:00:00', '13:00:00'),
(45, 2, '15:00:00', '18:00:00'),
(45, 5, '15:00:00', '18:00:00'),
(45, 7, '15:00:00', '18:00:00'),

-- Doctors 46-48 (pattern of doctor 3)
(46, 2, '09:00:00', '13:00:00'),
(46, 3, '09:00:00', '13:00:00'),
(46, 5, '09:00:00', '13:00:00'),
(46, 1, '15:00:00', '18:00:00'),
(46, 4, '15:00:00', '18:00:00'),
(46, 6, '15:00:00', '18:00:00'),

(47, 2, '09:00:00', '13:00:00'),
(47, 3, '09:00:00', '13:00:00'),
(47, 5, '09:00:00', '13:00:00'),
(47, 1, '15:00:00', '18:00:00'),
(47, 4, '15:00:00', '18:00:00'),
(47, 6, '15:00:00', '18:00:00'),

(48, 2, '09:00:00', '13:00:00'),
(48, 3, '09:00:00', '13:00:00'),
(48, 5, '09:00:00', '13:00:00'),
(48, 1, '15:00:00', '18:00:00'),
(48, 4, '15:00:00', '18:00:00'),
(48, 6, '15:00:00', '18:00:00'),

-- Doctors 49-50 (pattern of doctor 1)
(49, 2, '09:00:00', '13:00:00'),
(49, 3, '09:00:00', '13:00:00'),
(49, 5, '09:00:00', '13:00:00'),
(49, 2, '15:00:00', '18:00:00'),
(49, 4, '15:00:00', '18:00:00'),
(49, 6, '15:00:00', '18:00:00'),

(50, 2, '09:00:00', '13:00:00'),
(50, 3, '09:00:00', '13:00:00'),
(50, 5, '09:00:00', '13:00:00'),
(50, 2, '15:00:00', '18:00:00'),
(50, 4, '15:00:00', '18:00:00'),
(50, 6, '15:00:00', '18:00:00');



-- Designation
INSERT INTO DESIGNATION (DESIGNATION)
VALUES 
  ('Professor'),
  ('Associate Professor'),
  ('Assistant Professor'),
  ('Consultant'),
  ('Junior Consultant');



-- Institution
INSERT INTO INSTITUTION (NAME)
VALUES 
  ('Dhaka Medical College'),
  ('Sir Salimullah Medical College'),
  ('BSMMU'),
  ('CMH Dhaka'),
  ('Ibrahim Cardiac Hospital'),
  ('Rajshahi Medical College'),
  ('Naogaon Medical College'),
  ('Pabna Medical College'),
  ('Mymensingh Medical College'),
  ('Sher-e-Bangla Medical College'),
  ('Khulna Medical College');


-- Doctor_Designation
INSERT INTO DOCTOR_DESIGNATION (DOCTOR_ID, DESIGNATION_ID, INSTITUTION_ID)
VALUES
(1, 1, 1), (2, 2, 2), (3, 3, 3), (4, 4, 4), (5, 5, 5),
(6, 1, 2), (7, 2, 3), (8, 3, 4), (9, 4, 5), (10, 5, 1),
(11, 1, 3), (12, 2, 4), (13, 3, 5), (14, 4, 1), (15, 5, 2),
(16, 1, 4), (17, 2, 5), (18, 3, 8), (19, 4, 9), (20, 5, 3),
(21, 1, 5), (22, 2, 1), (23, 3, 2), (24, 4, 3), (25, 5, 4),
(26, 1, 10), (27, 2, 11), (28, 3, 3), (29, 4, 4), (30, 5, 5),
(31, 1, 2), (32, 2, 3), (33, 3, 7), (34, 4, 5), (35, 5, 1),
(36, 1, 6), (37, 2, 7), (38, 3, 5), (39, 4, 1), (40, 5, 2),
(41, 1, 6), (42, 2, 5), (43, 3, 9), (44, 4, 10), (45, 5, 3),
(46, 1, 5), (47, 2, 11), (48, 3, 2), (49, 4, 8), (50, 5, 4);


-- Degree
INSERT INTO DEGREE (DEGREE)
VALUES 
  ('MBBS'),
  ('FCPS'),
  ('MD'),
  ('MS'),
  ('MRCP'),
  ('FRCS'),
  ('Diploma');


-- Subject
INSERT INTO SUBJECT (SUBJECT)
VALUES 
  ('Medicine'),
  ('Surgery'),
  ('Cardiology'),
  ('Neurology'),
  ('Orthopedics'),
  ('Dermatology'),
  ('Pediatrics'),
  ('Radiology'),
  ('Psychiatry'),
  ('Gastroenterology');



-- Updated Doctor details with ENTRY_DATE column added
INSERT INTO DOCTOR_DETAILS (DOCTOR_ID, DEGREE_ID, SUBJECT_ID, INSTITUTION_ID, DATE)
VALUES
(1, 1, 1, 1, '2018-01-15'),
(2, 2, 2, 2, '2017-03-10'),
(2, 3, 3, 2, '2017-04-22'),
(3, 1, 1, 3, '2016-06-12'),
(3, 4, 2, 3, '2016-07-08'),
(3, 5, 3, 3, '2016-08-18'),
(4, 2, 4, 4, '2015-02-01'),
(5, 3, 5, 5, '2018-11-05'),
(5, 6, 6, 5, '2018-12-12'),
(6, 1, 7, 2, '2017-07-01'),
(6, 2, 8, 2, '2017-07-15'),
(6, 3, 9, 2, '2017-08-01'),
(7, 4, 4, 3, '2015-09-10'),
(7, 5, 5, 3, '2015-10-22'),
(8, 6, 6, 4, '2016-05-30'),
(9, 1, 7, 5, '2017-02-28'),
(9, 2, 8, 5, '2017-03-15'),
(9, 3, 9, 5, '2017-04-03'),
(10, 4, 10, 1, '2018-04-05'),
(10, 5, 1, 1, '2018-05-10'),
(11, 6, 2, 3, '2015-06-25'),
(12, 1, 3, 4, '2016-08-14'),
(12, 2, 4, 4, '2016-09-01'),
(13, 3, 5, 5, '2017-12-09'),
(14, 4, 6, 1, '2016-04-20'),
(14, 5, 7, 1, '2016-05-30'),
(14, 6, 8, 1, '2016-06-11'),
(15, 7, 9, 2, '2017-01-20'),
(15, 1, 10, 2, '2017-02-07'),
(16, 2, 1, 4, '2018-02-20'),
(17, 3, 2, 5, '2015-03-30'),
(17, 4, 3, 5, '2015-04-12'),
(18, 5, 4, 8, '2016-10-18'),
(18, 6, 5, 8, '2016-11-22'),
(18, 1, 6, 8, '2016-12-10'),
(19, 2, 7, 9, '2017-06-01'),
(20, 3, 8, 3, '2018-09-09'),
(20, 4, 9, 3, '2018-10-01'),
(21, 5, 10, 5, '2016-05-25'),
(21, 6, 1, 5, '2016-06-15'),
(21, 7, 2, 5, '2016-07-07'),
(22, 1, 3, 1, '2018-03-03'),
(23, 2, 4, 2, '2016-02-10'),
(23, 3, 5, 2, '2016-03-19'),
(24, 4, 6, 3, '2015-08-20'),
(24, 5, 7, 3, '2015-09-15'),
(24, 6, 8, 3, '2015-10-08'),
(25, 7, 9, 4, '2018-06-14'),
(26, 1, 10, 10, '2017-12-01'),
(26, 2, 1, 10, '2018-01-10'),
(27, 3, 2, 11, '2016-01-01'),
(27, 4, 3, 11, '2016-02-02'),
(27, 5, 4, 11, '2016-03-03'),
(28, 6, 5, 3, '2015-10-12'),
(29, 7, 6, 4, '2016-06-06'),
(30, 1, 7, 5, '2017-03-30'),
(30, 2, 8, 5, '2017-04-17'),
(31, 3, 9, 2, '2018-08-11'),
(32, 4, 10, 3, '2016-11-11'),
(32, 5, 1, 3, '2016-12-25'),
(33, 6, 2, 7, '2015-02-14'),
(33, 7, 3, 7, '2015-03-10'),
(34, 1, 4, 5, '2016-04-04'),
(35, 2, 5, 1, '2015-05-01'),
(35, 3, 6, 1, '2015-06-01'),
(35, 4, 7, 1, '2015-07-01'),
(36, 5, 8, 6, '2017-05-29'),
(37, 6, 9, 7, '2018-07-15'),
(37, 7, 10, 7, '2018-08-22'),
(38, 1, 1, 5, '2016-03-01'),
(39, 2, 2, 1, '2017-01-01'),
(39, 3, 3, 1, '2017-02-01'),
(40, 4, 4, 2, '2018-04-14'),
(40, 5, 5, 2, '2018-05-20'),
(41, 6, 6, 6, '2015-09-09'),
(42, 7, 7, 5, '2016-02-17'),
(42, 1, 8, 5, '2016-03-10'),
(42, 2, 9, 5, '2016-04-02'),
(43, 3, 10, 9, '2017-07-07'),
(44, 4, 1, 10, '2018-01-01'),
(45, 5, 2, 3, '2016-06-06'),
(45, 6, 3, 3, '2016-07-07'),
(46, 7, 4, 5, '2015-08-18'),
(47, 1, 5, 11, '2018-05-13'),
(47, 2, 6, 11, '2018-06-20'),
(47, 3, 7, 11, '2018-07-25'),
(48, 4, 8, 2, '2016-08-01'),
(49, 5, 9, 8, '2017-11-11'),
(49, 6, 10, 8, '2017-12-25'),
(50, 7, 1, 4, '2018-03-15');





-- Laboratory_Test
-- Extended Laboratory Test List with Prices in BDT
INSERT INTO LABORATORY_TEST (TEST_NAME, PRICE)
VALUES
('Complete Blood Count (CBC)', 400),
('Blood Sugar Test (FBS/RBS)', 80),
('Liver Function Test (LFT)', 1000),
('Kidney Function Test (KFT)', 1500),
('Lipid Profile', 900),
('Thyroid Profile (T3, T4, TSH)', 1200),
('Urinalysis', 300),
('X-Ray (Chest A/P View)', 600),
('Electrocardiogram (ECG)', 200),
('Magnetic Resonance Imaging (MRI)', 6000),
('CT Scan (Head)', 5000),
('Ultrasound (Whole Abdomen)', 1500),
('Hemoglobin A1c', 1200),
('Vitamin D Test', 1800),
('Calcium Test', 800),
('COVID-19 PCR Test', 1500),
('Hepatitis B Surface Antigen (HBsAg)', 800),
('HIV Test', 1000),
('Malaria Parasite Test', 500),
('Dengue NS1 Antigen', 1000),
('ESR (Erythrocyte Sedimentation Rate)', 100),
('Serum Creatinine', 400),
('Blood Urea Nitrogen (BUN)', 600),
('Serum Electrolytes', 1000),
('Prostate Specific Antigen (PSA)', 1500),
('Pregnancy Test (Urine)', 150),
('Semen Analysis', 650),
('RA Factor', 350),
('C-Reactive Protein (CRP)', 600),
('Widal Test', 400),
('Hepatitis C Antibody (Anti-HCV)', 1500),
('Hepatitis B e Antigen (HBeAg)', 600),
('Troponin I', 1500),
('Serum Bilirubin (Total)', 600),
('SGPT (ALT)', 300),
('SGOT (AST)', 300),
('Serum Uric Acid', 400),
('Serum Cholesterol (Total)', 300),
('Serum Triglycerides', 300),
('Serum HDL', 300),
('Serum LDL', 300),
('Blood Grouping', 50),
('Mantoux Test', 350),
('FNAC (Any Site)', 1200),
('Echocardiography (2D)', 1500),
('Color Doppler Study', 2700),
('EEG (Electroencephalogram)', 2000),
('Vitamin B12', 1500),
('Ferritin', 1200),
('Anti-HCV (Elisa)', 1500),
('Anti-HAV', 1000),
('Anti-HBs', 1500),
('Anti-TPO Antibody', 2000),
('Anti-CCP', 2500),
('ANA (Antinuclear Antibody)', 1400),
('AFP (Alpha-Fetoprotein)', 1500),
('CA-125 (Ovarian Cancer Marker)', 1600),
('CA 19-9 (Pancreatic Cancer Marker)', 1500),
('CEA (Carcinoembryonic Antigen)', 1500);



-- Role
INSERT INTO ROLE (ROLE_NAME, DESCRIPTION)
VALUES
('Admin', 'Full access to manage users, doctors, patients, and system settings'),
('Doctor', 'Access to patients, appointments, prescriptions, and lab tests'),
('Patient', 'Access to own medical records, prescriptions, and test results');


-- Appointment status Insertion

INSERT INTO APPOINTMENT_STATUS (STATUS_ID,STATUS) VALUES
(1,'pending'),
(2,'canceled'),
(3,'succesful');



-- Patient Users
INSERT INTO USER ( USERNAME,PASSWORD_HASH) VALUES
('alamin123','$2b$10$CcdSHHD2qaM4I6jB8k7Lmu4mB25QZuyGhgUredsLDyc1Iwc2N2Jke'),
('shanta456','$2b$10$nZyfw9iwiZ7nODXXcjHLTeZbKHUf.6A1d4WgTzAPtnGm1BeVn1ZBa'),
('sabbir789','$2b$10$Xd3N3UMqbEJccWliituME./IcwGIUk8yx7.OYZXwyrYgTe9Ia/tU6'),
('tania321','$2b$10$WJzTQRhon2l1k7dzIvVWoezXUNPR/h.QchiOIjx7IBTPkec38P/py'),
('rubel654','$2b$10$ymacdvC3JjGEiskFyaVLyejZieCdUMTWsb8il8oFma1k/kA6r/fIG'),
('sumona987','$2b$10$l8VfHUJhgzz/Bd1HP8RU9e.TMvcfQRDF/Io4TK/yWVihiLypsMqp6'),
('rakib159','$2b$10$QvIpgEySWV5sOArpRPvLI.uUS2yAWgLvIDt8YUbSVzEMfJqB8ycSy'),
('mim753','$2b$10$Fdupga4ekfyVsFNXs8dIJ./U.tD3Ho9XyrYr5bB4VP0LkvmlET.UK'),
('fahim852','$2b$10$8eE9pmktKTnPtCziGZwk1.5.mo7L/uGlBCJF91BFFM3aNQPf8mOZK'),
('mehzabin951','$2b$10$Vm9zejko8xiARBbAAqigbOKDNVcmtzVTbgqACA1V5KN2ZNS9JrDia'),
('rony147','$2b$10$DZ075BNVJOiPV7eiXEX3e.uxbglB77UMlJ99Jx.qfOsiZQxpylQbu'),
('tamim369','$2b$10$Ftf21GrTFPXWbrTQomOXX.yGFmVm7PWsJu.UTrFuJCQBfe25JciXK'),
('shuvo258','$2b$10$onNtm7yO5TVsEt/9k67NR.nttAGpltYG5UKNdfyUi6nvHWZ6hDmDy'),
('lamia654','$2b$10$tdPtFz6zpb9f1dVn9SR.SeV3eMDf7PgWrsMLQtvtWrcj3ODLSXaum'),
('sonia753','$2b$10$jIYErkp7TTNzDILoLqv9sO1ZoKlSpZfYpO7p.xy3NcQF7I77yLxQC'),
('selim951','$2b$10$5FsUksrAs/YSQ2dFN.uWvOXVUGZmOsmSbBhKbhIGwsWbk5QZ793Li'),
('nahid123','$2b$10$UMbBsgxfzkwANC1NanRX6uRC7rSx/Z.CxkktReMGIszcsO0lQDFw.'),
('rumana456','$2b$10$yXy51zoBZoID1LkgCoEpUe7HfDgVX7d39TXkicJMQRi/0yEvbz9Mu'),
('sajjad789','$2b$10$hDFqGz/tzK1UsBNYdsIi4eQ36QaAYqFs0ntAVcwOGVdj23j54dBuS'),
('naznin321','$2b$10$zJuaHjDY4JKxAHjckTIF8ej9s6hUcdLSsVvDfft6kzWkXNT4B2GPm'),
('kabir852','$2b$10$6HPfiZOWurl7Ur8qfHNe/.PEQDjNw6Z2bKlglQuTYGECfwfu6wfC.'),
('tasnia963','$2b$10$SA8Qyv2fyGXaGaKOdteBU.3HjQBJS6QnHkDIRwos5ZpxqftZMa5Ni'),
('munna741','$2b$10$fDrXNdX8l5IpqzLz3.fSE..FdCENiyWNk25mbzwMUuMLZRfIwkBbK'),
('arif159','$2b$10$udkCgts1a3gQdMAkW8xgwuJ9Y/fOYYnNapPbvGt1GCiVBgpiZq6W.'),
('nipa456','$2b$10$DtFGhHrBKV0Z0L1RCkEmXepPdupWum2X8pvOQrZftSIVEdYu/xiOi'),
('babul357','$2b$10$Oz/mvvBlRBqwshV9Fbf8mOSj3XbQ95cSjoo.jhskWgFRghkeOM7r.'),
('rupom258','$2b$10$DEC8dno0B3NHzHjkhs9QEebS2EHRjshHXtk8Lc2n8amWAUbBv3kKy'),
('priya147','$2b$10$HiEtY9jojlWrtHVv4Q5yO.up3MoxDGrAfY1138f2GY.BnHitXX4nq'),
('jui369','$2b$10$U9lW/ZfWdrI/x1ouOK/uUut.pqdiPutRTvWNwayMA5irMwsbQ74Hy'),
('sohan789','$2b$10$y54nrh5v3W.QJSgJJ3c1oe/e5aSdh8gLhVH7SSCK4e.xVZm16C23S'),
('noman123','$2b$10$sUykQpTCOlstc3HY1i53P.HttamPnoTeY3gyDLuPncDKV.8Q.JpXa'),
('pranto654','$2b$10$tDFEM9De6bQ8R2AURjnLSeDy4XcqhJ.fpeyP0NjxAper29oPLbjme'),
('sadia951','$2b$10$m3tlRuq7G.aX9Fyqs6FD5e8/Wo1t12dci6fNPKoEPJIrvJDj5g0zm'),
('sima147','$2b$10$.Ue3c81BLMnCzhItVPA81uffG6/Cdoxk4ZUvEePbiDMA6BK0ImiqW'),
('rubina258','$2b$10$L7avm2Rx2YBIkKlZyQDuaup/JmH8jfTHgHl1xn8PTxL6Hdvsvi42a'),
('jahid456','$2b$10$HqO8v7pHLclb/CCZcJomk.Ty4lSdoCt7iU0DrB3FU5SPkeGURrBha'),
('maruf789','$2b$10$BAFkygdV8XcPFcOWckOMqe3E4eM/Z/pnY7RyEYHA6GWYxTYK20IzS'),
('rifat321','$2b$10$l1H3Nw9QDRkiMObjx2PgmehH2orYo4gQl9TuPPRrRH1Yo.FNKkb1m'),
('tonmoy963','$2b$10$TcaVQTbDDHbFZlIWI4J3z.PLlB35dfacmC0u7SDcNOisWzMGsx.D6'),
('tithi753','$2b$10$jqqA1m58NZDza0DdDXYjlu7meXS90d53c35hl6eNf6O2jKMDsUEmS'),
('ruma159','$2b$10$YZ38Q6sCOABrVLX4Y5BfD.OBtUZUp9q8KYSNGHCZPyfsWvqNjJRMS'),
('farhan123','$2b$10$7I8lxKC9f/5SvQ2mUnRFmOLobIxECwAmAL/F6iTG7pzCYPNOjc2Ie'),
('mishu951','$2b$10$oO/5iGPF5atDnmbIzuvFMOQz7.57NjGo0kliP6i9eodCKBpvXwzOe'),
('saikat654','$2b$10$8Fnwi5NxhDzCVKPC1OYMxOEMMrf7JjbHHAatvZigV6NEWrrypReIG'),
('raisa852','$2b$10$h4NlLulo7JUrVPInsKTuFe/0xW5s6UwqagKLLPHGb9F40O6wePK5a'),
('sajib456','$2b$10$gVJ0KXglOtb7JIl01O8RduedZr3QC6E2Kj9WtNTzNyQVDW5DJGigK'),
('popy147','$2b$10$nQ2v8z2B0tYCW4BNWHX.z.EqigaKLg.6w0pvwoTRPOwuNN5i07oLi'),
('shuvo789','$2b$10$ZeM45HmNI07mQ6W2DiAdi.etaDw/dTo7EzE77ZadJ./FUZnyBedzu'),
('azad963','$2b$10$7wxGW8C/.eHSinm6ZvbfK.dBfDZqtTdac4HVGwnG4HUNR4iEwR/yq'),
('tahmina123','$2b$10$n1c1KVd2zMlZqygeCFeUeO4yIDgGjCRxjoKc4pr.6c.GbgIgAUao2');



-- Patient Table
INSERT INTO PATIENT (PATIENT_NAME, PHONE, ADDRESS, USER_ID, DATE_OF_BIRTH, GENDER, EMAIL)
VALUES
('Alamin Hossain', '01710000001', 'Dhaka', 51, '1995-04-15', 1, 'alamin_hossain@mail.com'),
('Shanta Akter', '01710000002', 'Chittagong', 52, '1993-06-21', 2, 'shanta_akter@mail.com'),
('Sabbir Rahman', '01710000003', 'Khulna', 53, '1992-08-19', 1, 'sabbir_rahman@mail.com'),
('Tania Khatun', '01710000004', 'Rajshahi', 54, '1996-01-25', 2, 'tania_khatun@mail.com'),
('Rubel Miah', '01710000005', 'Sylhet', 55, '1990-12-12', 1, 'rubel_miah@mail.com'),
('Sumona Akter', '01710000006', 'Barisal', 56, '1991-07-18', 2, 'sumona_akter@mail.com'),
('Rakib Hasan', '01710000007', 'Rangpur', 57, '1994-03-22', 1, 'rakib_hasan@mail.com'),
('Mim Sultana', '01710000008', 'Mymensingh', 58, '1997-10-30', 2, 'mim_sultana@mail.com'),
('Fahim Ahmed', '01710000009', 'Gazipur', 59, '1989-09-05', 1, 'fahim_ahmed@mail.com'),
('Mehzabin Akter', '01710000010', 'Narayanganj', 60, '1998-02-14', 2, 'mehzabin_akter@mail.com'),
('Rony Hossain', '01710000011', 'Dhaka', 61, '1992-11-23', 1, 'rony_hossain@mail.com'),
('Tamim Islam', '01710000012', 'Chittagong', 62, '1993-04-07', 2, 'tamim_islam@mail.com'),
('Shuvo Khan', '01710000013', 'Khulna', 63, '1995-08-16', 1, 'shuvo_khan@mail.com'),
('Lamia Sultana', '01710000014', 'Rajshahi', 64, '1996-05-19', 2, 'lamia_sultana@mail.com'),
('Sonia Akter', '01710000015', 'Sylhet', 65, '1991-03-10', 2, 'sonia_akter@mail.com'),
('Selim Rahman', '01710000016', 'Barisal', 66, '1992-09-12', 1, 'selim_rahman@mail.com'),
('Nahid Hasan', '01710000017', 'Rangpur', 67, '1994-07-25', 1, 'nahid_hasan@mail.com'),
('Rumana Begum', '01710000018', 'Mymensingh', 68, '1993-10-02', 2, 'rumana_begum@mail.com'),
('Sajjad Hossain', '01710000019', 'Gazipur', 69, '1988-06-15', 1, 'sajjad_hossain@mail.com'),
('Naznin Sultana', '01710000020', 'Narayanganj', 70, '1999-01-28', 2, 'naznin_sultana@mail.com'),
('Kabir Uddin', '01710000021', 'Dhaka', 71, '1990-08-08', 1, 'kabir_uddin@mail.com'),
('Tasnia Akter', '01710000022', 'Chittagong', 72, '1991-02-17', 2, 'tasnia_akter@mail.com'),
('Munna Rahman', '01710000023', 'Khulna', 73, '1994-11-05', 1, 'munna_rahman@mail.com'),
('Arif Hasan', '01710000024', 'Rajshahi', 74, '1992-01-19', 1, 'arif_hasan@mail.com'),
('Nipa Khatun', '01710000025', 'Sylhet', 75, '1995-06-11', 2, 'nipa_khatun@mail.com'),
('Babul Ahmed', '01710000026', 'Barisal', 76, '1996-12-25', 1, 'babul_ahmed@mail.com'),
('Rupom Hossain', '01710000027', 'Rangpur', 77, '1993-03-04', 1, 'rupom_hossain@mail.com'),
('Priya Sultana', '01710000028', 'Mymensingh', 78, '1990-10-09', 2, 'priya_sultana@mail.com'),
('Jui Khatun', '01710000029', 'Gazipur', 79, '1997-07-03', 2, 'jui_khatun@mail.com'),
('Sohan Hossain', '01710000030', 'Narayanganj', 80, '1998-04-13', 1, 'sohan_hossain@mail.com'),
('Noman Islam', '01710000031', 'Dhaka', 81, '1990-02-12', 1, 'noman_islam@mail.com'),
('Pranto Khan', '01710000032', 'Chittagong', 82, '1993-06-08', 1, 'pranto_khan@mail.com'),
('Sadia Haque', '01710000033', 'Khulna', 83, '1991-05-21', 2, 'sadia_haque@mail.com'),
('Sima Begum', '01710000034', 'Rajshahi', 84, '1992-12-10', 2, 'sima_begum@mail.com'),
('Rubina Akter', '01710000035', 'Sylhet', 85, '1994-11-29', 2, 'rubina_akter@mail.com'),
('Jahid Hossain', '01710000036', 'Barisal', 86, '1996-07-14', 1, 'jahid_hossain@mail.com'),
('Maruf Hasan', '01710000037', 'Rangpur', 87, '1993-02-05', 1, 'maruf_hasan@mail.com'),
('Rifat Kabir', '01710000038', 'Mymensingh', 88, '1995-09-16', 1, 'rifat_kabir@mail.com'),
('Tonmoy Rahman', '01710000039', 'Gazipur', 89, '1989-01-30', 1, 'tonmoy_rahman@mail.com'),
('Tithi Sultana', '01710000040', 'Narayanganj', 90, '1997-08-01', 2, 'tithi_sultana@mail.com'),
('Ruma Khatun', '01710000041', 'Dhaka', 91, '1992-10-11', 2, 'ruma_khatun@mail.com'),
('Farhan Hossain', '01710000042', 'Chittagong', 92, '1991-12-22', 1, 'farhan_hossain@mail.com'),
('Mishu Ahmed', '01710000043', 'Khulna', 93, '1995-01-09', 1, 'mishu_ahmed@mail.com'),
('Saikat Islam', '01710000044', 'Rajshahi', 94, '1993-05-18', 1, 'saikat_islam@mail.com'),
('Raisa Sultana', '01710000045', 'Sylhet', 95, '1994-08-23', 2, 'raisa_sultana@mail.com'),
('Sajib Hasan', '01710000046', 'Barisal', 96, '1996-03-31', 1, 'sajib_hasan@mail.com'),
('Popy Begum', '01710000047', 'Rangpur', 97, '1991-06-06', 2, 'popy_begum@mail.com'),
('Shuvo Rahman', '01710000048', 'Mymensingh', 98, '1998-11-11', 1, 'shuvo_rahman@mail.com'),
('Azad Khan', '01710000049', 'Gazipur', 99, '1990-09-27', 1, 'azad_khan@mail.com'),
('Tahmina Akter', '01710000050', 'Narayanganj', 100, '1997-02-02', 2, 'tahmina_akter@mail.com');


ALTER TABLE APPOINTMENT AUTO_INCREMENT=1;



-- Appointment
INSERT INTO APPOINTMENT (PATIENT_ID, DOCTOR_ID, DATE, START_TIME, STATUS_ID, END_TIME)
VALUES
(1, 5, '2025-06-20', '10:00:00', 1, '10:30:00'),
(2, 10, '2025-06-20', '11:00:00', 3, '11:30:00'),
(3, 15, '2025-06-21', '09:00:00', 3, '09:30:00'),
(4, 20, '2025-06-22', '14:00:00', 2, '14:30:00'),
(5, 25, '2025-06-23', '15:00:00', 1, '15:30:00'),
(6, 30, '2025-06-23', '10:00:00', 3, '10:30:00'),
(7, 35, '2025-06-24', '13:00:00', 3, '13:30:00'),
(8, 40, '2025-06-24', '16:00:00', 2, '16:30:00'),
(9, 45, '2025-06-25', '09:00:00', 1, '09:30:00'),
(10, 50, '2025-06-25', '11:00:00', 3, '11:30:00'),
(11, 1, '2025-06-26', '14:30:00', 3, '15:00:00'),
(12, 2, '2025-06-26', '15:30:00', 3, '16:00:00'),
(13, 3, '2025-06-27', '12:00:00', 2, '12:30:00'),
(14, 4, '2025-06-27', '13:30:00', 1, '14:00:00'),
(15, 6, '2025-06-28', '11:30:00', 3, '12:00:00'),
(16, 7, '2025-06-28', '10:30:00', 1, '11:00:00'),
(17, 8, '2025-06-28', '09:00:00', 3, '09:30:00'),
(18, 9, '2025-06-29', '10:00:00', 2, '10:30:00'),
(19, 11, '2025-06-29', '14:00:00', 1, '14:30:00'),
(20, 12, '2025-06-30', '15:00:00', 3, '15:30:00');


-- Prescription
INSERT INTO PRESCRIPTION (APPOINTMENT_ID, WEIGHT, BLOOD_PRESSURE, PREVIOUS_HISTORY) VALUES
(1, 68, '120/80', 'Diabetes Type II'),
(2, 72, '130/85', 'Smoker, mild asthma'),
(3, 65, NULL, NULL),
(4, 74, '125/82', 'Post-op follow-up'),
(5, 70, '118/76', 'Seasonal allergy'),
(6, 69, NULL, 'History of migraines'),
(7, 67, '135/90', 'High cholesterol'),
(8, 75, NULL, NULL),
(9, 64, '122/78', NULL),
(10, 71, '140/95', 'Hypertension'),
(11, 66, NULL, 'Recovering from flu'),
(12, 68, '128/84', 'Regular check-up'),
(13, 73, '115/75', NULL),
(14, 76, '138/92', 'Chest pain last visit'),
(15, 70, NULL, NULL),
(16, 69, '126/80', 'Family history of stroke'),
(17, 72, '132/88', NULL),
(18, 74, NULL, 'Diabetic foot inspection'),
(19, 65, '119/77', NULL),
(20, 66, NULL, 'Follow-up on skin rash');



-- Prescribed test
INSERT INTO PRESCRIBED_TEST (PRESCRIPTION_ID, TEST_ID) VALUES
(1, 1),  
(1, 5),  
(2, 2),  
(3, 4),  
(3, 7),  
(4, 8),  
(5, 3),  
(6, 6), 
(7, 10),
(8, 11), 
(8, 12), 
(9, 13), 
(10, 14),
(11, 15),
(12, 16),
(13, 17),
(14, 18),
(15, 19),
(16, 1), 
(17, 2), 
(18, 9), 
(19, 20),
(20, 5),
(14,13),
(6,9);



-- Patient test
-- Patient test
INSERT INTO PATIENT_TEST (PRESCRIBED_TEST_ID, TEST_DATE, STATUS_ID) VALUES
(1, '2024-06-01', 1),
(2, '2024-06-02', 2),
(3, '2024-06-03', 1),
(4, '2024-06-04', 2),
(5, '2024-06-05', 1),
(6, '2024-06-06', 2),
(7, '2024-06-07', 1),
(8, '2024-06-08', 2),
(9, '2024-06-09', 1),
(10, '2024-06-10', 2),
(11, '2024-06-11', 1),
(12, '2024-06-12', 2),
(13, '2024-06-13', 1),
(14, '2024-06-14', 2),
(15, '2024-06-15', 1),
(16, '2024-06-16', 2),
(17, '2024-06-17', 1),
(18, '2024-06-18', 2),
(19, '2024-06-19', 1),
(20, '2024-06-20', 2),
(21, '2024-06-21', 1),
(22, '2024-06-22', 2),
(23, '2024-06-23', 1),
(24, '2024-06-24', 2),
(25, '2024-06-25', 1);




-- Medicine
INSERT INTO MEDICINE (MEDICINE_NAME, `GROUP`) VALUES
('Seclo', 'Proton Pump Inhibitor'),
('Napa', 'Paracetamol'),
('Monas', 'Antihistamine'),
('Losectil', 'Proton Pump Inhibitor'),
('Maxpro', 'Proton Pump Inhibitor'),
('Renorma', 'Antacid'),
('Filmet', 'Anthelmintic'),
('Aristovit-M', 'Multivitamin'),
('Ace', 'Paracetamol'),
('Azithrocin', 'Antibiotic'),
('Moxacil', 'Antibiotic'),
('Fexo', 'Antihistamine'),
('Omeprazol', 'Proton Pump Inhibitor'),
('Ciprocin', 'Antibiotic'),
('Histacin', 'Antihistamine'),
('Alatrol', 'Antihistamine'),
('Flagyl', 'Antiprotozoal'),
('Seroxat', 'Antidepressant'),
('Antoxid', 'Antacid'),
('Pantra', 'Proton Pump Inhibitor');

INSERT INTO MEDICINE (MEDICINE_NAME, `GROUP`) VALUES
-- Antibiotics
('Cef-3', 'Antibiotic'),
('Azipro', 'Antibiotic'),
('Ceftron', 'Antibiotic'),
('Levoflox', 'Antibiotic'),
('Cefurox', 'Antibiotic'),
('Clavulin', 'Antibiotic'),
('Zithrin', 'Antibiotic'),

-- Antihistamines
('Levocet', 'Antihistamine'),
('Telfast', 'Antihistamine'),
('Cetizin', 'Antihistamine'),
('Alergin', 'Antihistamine'),

-- Proton Pump Inhibitors
('Esoral', 'Proton Pump Inhibitor'),
('Neotack', 'Proton Pump Inhibitor'),
('Pantosec', 'Proton Pump Inhibitor'),

-- Antacids
('Geston', 'Antacid'),
('Mucaine', 'Antacid'),

-- Anthelmintics
('Vermox', 'Anthelmintic'),
('Albentel', 'Anthelmintic'),

-- Antiprotozoals
('Tinidazole', 'Antiprotozoal'),
('Metrogyl', 'Antiprotozoal'),

-- Paracetamol Group
('Fevex', 'Paracetamol'),
('Paracet', 'Paracetamol'),

-- Multivitamins
('Revital', 'Multivitamin'),
('Centamin', 'Multivitamin'),
('Becosules', 'Multivitamin'),

-- Antidepressants
('Flunil', 'Antidepressant'),
('Lexotanil', 'Antidepressant'),

-- Antidiabetics
('Daonil', 'Antidiabetic'),
('Glimet', 'Antidiabetic'),
('Metfor', 'Antidiabetic'),

-- Cardiovascular
('Amlodipin', 'Antihypertensive'),
('Losartan', 'Antihypertensive'),
('Atenolol', 'Beta Blocker'),
('Nitroglyn', 'Antianginal'),

-- NSAIDs
('Ketorol', 'NSAID'),
('Naproxen', 'NSAID'),
('Dicloran', 'NSAID');

-- TEST STAUS
INSERT INTO TEST_STATUS(STATUS_ID,STATUS)
VALUES (1,'pending'),
(2,'completed');



-- Prescribed_medicine
INSERT INTO PRESCRIBED_MEDICINE (PRESCRIPTION_ID, MEDICINE_ID, DURATION, MORNING, NOON, NIGHT) VALUES
(1, 1, 7, 1, 0, 1),
(1, 5, 5, 1, 0, 0),
(2, 2, 3, 1, 1, 1),
(2, 10, 10, 1, 0, 0),
(3, 4, 14, 1, 0, 0),
(3, 15, 7, 1, 0, 1),
(4, 3, 5, 1, 0, 0),
(5, 6, 10, 1, 1, 1),
(6, 7, 3, 1, 0, 0),
(7, 8, 20, 1, 0, 0),
(8, 9, 7, 1, 0, 1),
(9, 11, 5, 1, 0, 0),
(10, 12, 10, 1, 0, 0),
(11, 13, 14, 1, 0, 0),
(12, 14, 7, 1, 0, 0),
(13, 16, 10, 1, 0, 1),
(14, 17, 5, 1, 0, 0),
(15, 18, 3, 1, 1, 1),
(16, 19, 7, 1, 0, 1),
(17, 20, 10, 1, 0, 0),
(18, 1, 5, 1, 0, 1),
(19, 5, 10, 1, 0, 0),
(20, 10, 14, 1, 0, 0);


-- Clinical notes
INSERT INTO CLINICAL_NOTES (PRESCRIPTION_ID, DESCRIPTION) VALUES
(1, 'Patient shows improvement. Continue medication as prescribed.'),
(2, 'Monitor blood pressure regularly. Follow up in two weeks.'),
(3, 'Allergic reaction noted, adjust antihistamines dosage.'),
(4, 'Recommend dietary changes to support treatment.'),
(5, 'Patient reports mild side effects, advise hydration.'),
(6, 'Symptoms improved; consider tapering medication.'),
(7, 'Further diagnostic tests recommended if no improvement.'),
(8, 'Regular physical activity encouraged.'),
(9, 'No new symptoms reported, maintain current treatment.'),
(10, 'Review lab results before next appointment.'),
(11, 'Pain management discussed, prescribe analgesics.'),
(12, 'Patient advised to avoid certain foods.'),
(13, 'Check liver function tests next visit.'),
(14, 'Emphasize medication adherence and follow-up.'),
(15, 'Patient education provided on medication side effects.'),
(16, 'Assess mental health and provide support if needed.'),
(17, 'Recommend flu vaccination during next visit.'),
(18, 'Schedule imaging studies if symptoms persist.'),
(19, 'Advise rest and report any worsening symptoms.'),
(20, 'Discuss smoking cessation and lifestyle changes.');



-- User_Role

INSERT INTO USER_ROLE (USER_ID, ROLE_ID) VALUES
-- Doctors (USER_ID 1 to 50, Role_ID 2)
(1, 2),
(2, 2),
(3, 2),
(4, 2),
(5, 2),
(6, 2),
(7, 2),
(8, 2),
(9, 2),
(10, 2),
(11, 2),
(12, 2),
(13, 2),
(14, 2),
(15, 2),
(16, 2),
(17, 2),
(18, 2),
(19, 2),
(20, 2),
(21, 2),
(22, 2),
(23, 2),
(24, 2),
(25, 2),
(26, 2),
(27, 2),
(28, 2),
(29, 2),
(30, 2),
(31, 2),
(32, 2),
(33, 2),
(34, 2),
(35, 2),
(36, 2),
(37, 2),
(38, 2),
(39, 2),
(40, 2),
(41, 2),
(42, 2),
(43, 2),
(44, 2),
(45, 2),
(46, 2),
(47, 2),
(48, 2),
(49, 2),
(50, 2),

-- Patients (USER_ID 51 to 100, Role_ID 3)
(51, 3),
(52, 3),
(53, 3),
(54, 3),
(55, 3),
(56, 3),
(57, 3),
(58, 3),
(59, 3),
(60, 3),
(61, 3),
(62, 3),
(63, 3),
(64, 3),
(65, 3),
(66, 3),
(67, 3),
(68, 3),
(69, 3),
(70, 3),
(71, 3),
(72, 3),
(73, 3),
(74, 3),
(75, 3),
(76, 3),
(77, 3),
(78, 3),
(79, 3),
(80, 3),
(81, 3),
(82, 3),
(83, 3),
(84, 3),
(85, 3),
(86, 3),
(87, 3),
(88, 3),
(89, 3),
(90, 3),
(91, 3),
(92, 3),
(93, 3),
(94, 3),
(95, 3),
(96, 3),
(97, 3),
(98, 3),
(99, 3),
(100, 3);

-- hospital reviews for all patients

INSERT INTO hospital_review (user_id, comment, star) VALUES
(51, 'The emergency room was crowded but the staff handled the situation professionally. My treatment was delayed but thorough.', 3),
(52, 'The pediatric department provided excellent care for my child. Nurses were kind and patient, making the experience pleasant.', 5),
(53, 'While the doctors were knowledgeable, I found the billing process confusing and lengthy.', 2),
(54, 'The hospital rooms were clean, and my post-surgery recovery was well managed by attentive staff.', 5),
(55, 'I waited a bit too long for a routine checkup, but the doctor was friendly and informative.', 4),
(56, 'Great experience overall. The specialists took time to explain every detail, and I felt confident in the diagnosis.', 5),
(57, 'Facilities were modern and well maintained. However, parking was a nightmare.', 4),
(58, 'Radiology department was efficient. I got my results quickly and the technician was very professional.', 5),
(59, 'Communication between departments was lacking, which led to scheduling confusion.', 2),
(60, 'My elderly parent was admitted for a few days, and the geriatric care exceeded our expectations.', 5),
(61, 'Food options were limited and not suitable for diabetic patients. Needs improvement.', 2),
(62, 'Excellent maternity care! The nurses and OB-GYN were compassionate and highly skilled.', 5),
(63, 'Emergency care was fast and effective. I was impressed by the organization during peak hours.', 4),
(64, 'Discharge process was unnecessarily long, though the staff were polite throughout.', 3),
(65, 'I felt ignored during my initial visit, but things improved later. Mixed experience.', 2),
(66, 'Physical therapy wing is superb. They helped me recover after a major fracture. Big thanks!', 5),
(67, 'Doctor was a bit rushed, but the diagnosis was spot-on and treatment effective.', 3),
(68, 'Child-friendly staff made our hospital visit less stressful. Toys and entertainment were a plus.', 4),
(69, 'Waiting time to see specialists was acceptable. Overall hygiene was excellent.', 4),
(70, 'Security staff at the entrance were rude and unhelpful. Needs training.', 1),
(71, 'The pathology lab provided accurate results quickly. I appreciated the clarity of their report.', 5),
(72, 'Surgical team was confident and professional. I felt safe in their hands.', 5),
(73, 'Rehabilitation area lacked basic equipment. Not suitable for long-term recovery.', 2),
(74, 'Great coordination among nurses and doctors. Very efficient and friendly.', 5),
(75, 'Pain management options were limited post-operation. I expected better support.', 2),
(76, 'Clean corridors, helpful signage, and a good cafeteria. I’d recommend it.', 4),
(77, 'Billing desk was chaotic and slow. It delayed my discharge unnecessarily.', 1),
(78, 'Good hospital overall, but appointments are often rescheduled at the last minute.', 3),
(79, 'Impressive use of digital records. Everything was accessible and timely.', 5),
(80, 'Staff appeared disinterested during check-in, but treatment itself was fine.', 3),
(81, 'I’m thankful for the care I received in the ICU. Life-saving and compassionate.', 5),
(82, 'Had a hard time finding the right department. Directional signage was confusing.', 2),
(83, 'Highly qualified specialists with modern diagnostic equipment. Great experience.', 5),
(84, 'Evening shift nurses weren’t as responsive as the morning team. Needs consistency.', 3),
(85, 'Allergy department handled my case with excellent care and follow-ups.', 4),
(86, 'Staff were overwhelmed, which affected their attention to individual patients.', 2),
(87, 'From admission to discharge, the process was smooth. Professional team.', 5),
(88, 'Not happy with the hygiene standards in the general ward. Needs regular checks.', 1),
(89, 'I had multiple tests done and everything was done promptly. Efficient setup.', 4),
(90, 'Loved the pediatric ward décor and nursing staff. Made the kids smile!', 5),
(91, 'Post-surgery care lacked proper follow-up and documentation.', 2),
(92, 'The pharmacy was well stocked and prices were reasonable.', 4),
(93, 'My family member received dialysis here regularly. The staff were caring and punctual.', 5),
(94, 'There was no interpreter available, which made communication difficult for my parents.', 2),
(95, 'Blood collection was painless and quick. Technician had gentle hands!', 5),
(96, 'Nighttime noise in the ward disrupted sleep. Not ideal for recovery.', 2),
(97, 'Staff made us feel welcome from the moment we arrived. Exceptional hospitality.', 5),
(98, 'It was hard to book appointments online. Their system needs updating.', 3),
(99, 'Doctors explained everything in layman terms which helped a lot.', 4),
(100, 'The mental health unit provided excellent counseling and ongoing support.', 5);


